C,dynamic_time,brute_time
50,0.00048,0.0198
60,0.00062,0.0203
70,0.00068,0.0195
80,0.00083,0.0207
90,0.00092,0.0199
100,0.00095,0.0202
110,0.00108,0.0210
120,0.00125,0.0196
130,0.00128,0.0204
140,0.00143,0.0198
150,0.00147,0.0201